<?xml version="1.0" encoding="UTF-8" ?>
<!DOCTYPE mapper
        PUBLIC "-//mybatis.org//DTD Mapper 3.0//EN"
        "http://mybatis.org/dtd/mybatis-3-mapper.dtd">
<mapper namespace="com.qinchy.seatademo.user.dao.mapper.UserMapper">

    <select id="getUserByName" parameterType="string" resultType="com.qinchy.seatademo.user.dao.dataobject.UserDO">
        SELECT *
        FROM users
        WHERE name = #{value}
    </select>

    <select id="getUserById" parameterType="long" resultType="com.qinchy.seatademo.user.dao.dataobject.UserDO">
        SELECT *
        FROM users
        WHERE id = #{value}
    </select>

    <insert id="addUser" parameterType="com.qinchy.seatademo.user.dao.dataobject.UserDO">
        INSERT INTO users(name, age) VALUES (#{name}, #{age})
        <selectKey resultType="java.lang.Long" keyProperty="id">
            SELECT LAST_INSERT_ID() AS ID
        </selectKey>
    </insert>
</mapper>